"","rmsd","n","kb","kt","Kd","k_deg","tau"
"Gdf15",0.36145881145651,2,0.0557641101178621,0.244371080918565,0.575706776643335,0.00938562505672159,1.72883903221909e-05
"Zbtb10",0.254104174012919,1,0.00145693038131557,5.71836993851998,1000,0.0121746436505966,4.47597452936917
"Itpkc",0.141890900896001,3,0.00553708160240481,6.47620153945002,6.66935128221895,0.0193273996822799,25.4122120440527
"Klf10",0.171299507102363,3,0.00100017670655628,414.818375076751,34.3111906047506,0.0313043937562026,37.2533331755717
"Irf1",0.202261797688265,4,0.00393569307456581,4.64091624452733,2.78252796045289,0.0188867125831999,20.5885018798001
"Rel",0.169934319721383,4,0.00100005835005709,22.6807121744214,7.33409293530318,0.0193273996822799,32.3230162406538
"Gadd45b",0.15455738520793,3,0.001,26.7826550209198,15.1119391898553,0.0219042401477075,22.8537988887848
"Pim1",0.157721966646711,3,0.00116623623921062,16.9332551198407,9.26557938892869,0.0146295822239872,4.43036941550465
"ENSMUSG00000097418",0.319961601240853,6,0.0347978265541251,0.529417914931355,0.170485149815194,0.00630865141970549,3.71912867376258e-05
"Zc3h12c",0.205204657733094,1,0.00144871245148685,5.95860914906211,602.223383671924,0.00921004990821368,32.3992885818947
"Cxcl10",0.21647878245272,5,0.00291504626691853,49.1115540643108,2.85036934720747,0.00676885221965734,10.2935766047353
"Zc3h12a",0.187702301371925,2,0.0046020624214954,1000,10.4559558516612,0.00959062521225825,0.104011237671259
"Bcl3",0.105101802216638,3,0.0126970517112271,0.874258544518081,1.407738933005,0.0231512203501337,58.4798579739699
"Cgn",0.240620297166933,6,0.0406810186175748,0.25852655668924,0.225104986193442,0.00475504610904357,31.1053404818182
"Pdgfb",0.157112599534759,5,0.00622063623076019,0.331160954822162,0.80199620151079,0.0127017362802778,62.5526695057724
"Sik1",0.157767411003843,5,0.0480661765433547,0.175078842784475,0.508875507274234,0.0263871976874626,43.7757959171015
"Ccl2",0.0907179830263227,5,0.0026963956537167,0.059743543919298,0.502530808656756,0.0120093077463579,32.731618173798
"Ccl7",0.0830795747051853,5,0.0577753040641043,0.679655397426485,0.595941100070962,0.0118487744193062,24.3188527741667
"Angptl4",0.128943509015833,3,0.0166387130988902,0.921056240470744,1.62416332618491,0.00873640492322975,65.4076329642373
"Bdkrb2",0.142139368563547,2,0.00122925075387484,5.2417014432394,18.3861185193176,0.0167948530337847,90.7873390914143
"Icam1",0.14361752755688,6,0.0352897744624562,1.232187808539,0.785878528095818,0.0057859352173862,50.7679947236574
"Nfkb1",0.127874328901476,4,0.0193543919284123,0.506407908843766,1.10967284380211,0.00771763889271633,58.6357019153826
"Nfkb2",0.160291442427287,1,0.00102412472055607,12.2727089861242,1000,0.00588226033581438,34.5362631529832
"Nfkbie",0.187646278770193,2,0.00102414528038018,847.368099854703,3.30405442364543,0.00831703215621916,36.887977686669
"Rab11fip1",0.161634124746069,3,0.00376645865561555,120.737671010712,14.7097441127394,0.0139201514210687,50.8294554705712
"Ripk2",0.204471980454923,1,0.001,999.999999170318,902.694607056418,0.00777941262900779,35.2003419472307
"Trim47",0.125195100212864,2,0.00421490882078077,3.27155974856626,9.97761933251782,0.0130815641608158,48.8945497225262
"Glrx",0.054164180159386,6,0.0372732400183819,0.225248084917105,0.593676683700511,0.00267847112870466,120
"Slco2a1",0.130763642436005,5,0.0534748321717261,0.904000890855953,0.0437143109850175,0.0033383129284281,83.2784256886413
"Rffl",0.143127966993549,1,0.00200882274995858,4.40125029659395,262.848010978726,0.00979432094211414,72.481282398842
"Gbp2",0.133513820436346,2,0.00267105580035598,3.93129916703709,8.71795968193461,0.00412293955085223,74.354047950674
"Il34",0.0991046969727974,2,0.0176660972432412,0.890119481118197,2.31952281235952,0.00615866062415507,84.2510996737935
"Slc7a2",0.140626367648049,4,0.0280844850533147,0.459233719136135,0.65328840091438,0.00408234675631913,64.6224898748897
"Tnip1",0.0894087651284817,5,0.042575268218112,0.274643960644318,0.57163926729083,0.0078423152800566,64.5970474701707
"Mt2",0.140386601250273,1,0.00596882075370873,0.317303449986551,1.30930420900548,0.00389392451063973,52.5334062849351
"Ch25h",0.151689965267218,6,0.042701317971342,0.267553292036866,0.643342545859688,0.0307968616782069,95.4476791241412
"Ikbke",0.158828877378197,6,0.0411205385012738,0.231863911083331,0.163807159440352,0.00336753174660917,3.91662079844836
"Cx3cl1",0.154089852184432,6,0.00656303451186368,600.286653584427,2.80780769433935,0.00194803333664005,61.4245439638162
"Gch1",0.124931983077533,2,0.00784313074079398,0.635385134110064,0.963546580215148,0.00999488312810033,73.0413543555473
"ENSMUSG00000041481",0.106805667539848,3,0.0325474889769842,0.423052364550271,0.809018596702339,0.00742468265485935,70.9620251337247
"B4galt5",0.198789944394328,1,0.00100015301941893,20.1686514040926,0.0859786710806992,0.00676885221965734,68.7613330444415
"Cebpb",0.0763642488746511,3,0.00540837594425028,0.417992827076313,2.35204050847761,0.0160821621903165,56.4809690731813
"Gda",0.219748204526772,6,0.0733826717766969,0.141460977823104,0.0672150768512087,0.00415058564051217,82.2451693292133
"Il1r1",0.157817495889362,5,0.066290603069287,0.191614612797719,0.050447350355367,0.0078423152800566,59.0028072265516
"Jak2",0.140423651032653,5,0.0582365434979342,0.451953358360057,0.732382582340832,0.00681459201591358,54.2843833786376
"Rab20",0.154355602047941,3,0.0173321285629502,1.14188940158126,2.29758957298034,0.0173178578999385,59.7759037990164
"Sdc4",0.204843873545637,4,0.0103507853204185,12.7092434155854,2.46452062363581,0.00244226558697214,12.2088948089533
"St3gal1",0.181562036562679,6,0.0555472643685368,0.260462477887382,0.0615438731342988,0.00690823950621921,61.7433228193612
"Csf3",0.184679136047698,6,0.00100038299741087,60.6360154531146,2.46063315601518,0.0113939749635052,87.8543929961447
"Hivep3",0.230855429068053,1,0.00552632829552359,305.898980373749,1000,0.00846482810966739,52.140435338974
"Ifih1",0.127798440219702,6,0.0015320844826811,12.094279083668,2.65164929459598,0.00618674357905287,0.103119419618933
"Oasl1",0.102997421688485,6,0.0260075353141052,8.49479555094133,1.67063172177757,0.021239059748769,43.1617078687779
"Rsad2",0.214566043425779,3,0.00100000203059545,22.7071987490535,1.7368207106256,0.00400417544694463,0.0913232208761548
"Tnfaip2",0.154535610272297,6,0.0431877669567304,4.24861154972262,0.923903789922745,0.00623260456880312,46.7040723902054
"Tnfsf11",0.134155501315781,6,0.0085668523031519,1.2232734315024,1.29903331762781,0.0081749017881995,66.2931370823602
"Il1rap",0.0731453985939585,5,0.0400050676968662,0.110201512159105,0.0579310633941174,0.00281112071502402,69.1001899952313
"Tmem158",0.156761048406242,3,0.0242503810874796,0.0770824259879347,0.233673782519105,0.00605150063953542,82.3688556801428
"Slco3a1",0.103950557673522,1,0.00486712520205367,81.6817236354453,0.13369240787743,0.00503870180548424,110.230760975193
"Timp1",0.0931741904152849,1,0.00101798272378159,13.0386539656055,560.538591646549,0.00210383132104319,57.575730482955
"Rab15",0.0814659817178401,5,0.0563919061340616,0.152403171388734,0.0408006999549613,0.00252485373125996,120
"Il1rl1",0.119650640173299,5,0.00195316600288186,12.7439265534204,0.0341127135425171,0.00305838713494849,59.3206749208083
"Flt1",0.161308538225297,1,0.00136554028767463,14.5280977700839,1000,0.00324161390971685,47.2149438822033
"Mmp9",0.0920255944851197,1,0.00100000001665931,981.171946295209,1.37238986056928,0.00218540061662396,78.7537863701416
"Pilra",0.159663049120034,6,0.0425115801851106,0.310155427116457,0.368276500146351,0.0067802654824334,120
"Prokr2",0.158714071992617,1,0.0180501759545887,428.079976042738,989.752605654691,0.00759735833868599,61.9015558545509
"Mmp1b",0.0792436854830626,6,0.0230575766816776,0.503728284149943,0.430185027887317,0.00229751252278239,82.2918874434409
"Mmp3",0.0617438191181049,5,4.44145315561039,949.627882266572,0.528376206671067,0.000995298834066563,120
"Rasl12",0.176717872424104,6,0.058423881648742,0.162159342838548,0.381160124752239,0.0220052710399781,120
"Rbfox1",0.0951717291141423,1,0.0313796268931481,3.40814417170576,0.250257180690709,0.00642686530241965,120
"U90926",0.101392993800964,1,0.0104358534381583,369.22836596468,999.90496701802,0.00287314586977629,119.999999998227
"ENSMUSG00000097804",0.100456627497167,6,0.0196892574377621,1.24089420013196,0.56701664102405,0.0119015631529896,93.3961202240271
"Tmem132e",0.0919009806626031,6,0.0050229183257033,0.175116683693907,0.721872526721279,0.00695618180069465,93.737837601897
"Kcnn3",0.107741292898744,1,0.001,47.9766943134253,0.16691513770981,0.0112135647905803,120
"Ptges",0.16325067310362,6,0.00124674665596545,999.996630772814,0.839253804931316,0.00358704749138739,89.2632831778984
"Steap4",0.152627952217822,6,0.001,1000,2.25160619231336,0.00298326365320914,67.5245531324994
"Kcnk10",0.171115275171913,2,0.00160906060233412,1.47258211999232,6.32606734839387,0.0184682625685318,93.8400775303759
"Ccl1",0.191353842253532,4,0.00101465271243384,481.103599446499,0.634275911671287,0.00895175015062625,54.5713852514033
"Wnt11",0.166483301717864,1,0.00452263268379778,5.59742992930974,239.266749447317,0.0179469248059303,83.0998164647547
"Sod2",0.0788497713618093,6,0.0339541081030601,0.420231189708424,0.694620911417552,0.00273337453778253,51.3864483301318
"Nos2",0.301303174226805,3,0.00100867981023712,999.996611839359,3.03556791013828,0.000594382801249723,59.2070759046572
"Ptger2",0.120092878131591,5,0.00108762150371811,18.6559488984223,3.28897101983473,0.00623913952164564,63.7968912379914
"Slc39a4",0.109559785688436,1,0.00177433476974853,0.0419213616053359,1.00635749035792,0.00163506685494413,75.5427590161651
"Adtrp",0.143180411379528,6,0.001,79.6793057827714,0.0318848997222769,0.00418298911085252,59.2222180787946
"Acpp",0.068293167709781,1,0.00807132959722649,257.526344464502,554.656235848279,0.00260740472682734,120
"Itgal",0.0730944098289372,3,0.00859989401018922,1.72173908169978,0.880426363830398,0.000483980137484918,68.3531247564757
"Fpr1",0.12992441573255,4,0.001,388.060235858369,2.87577662952527,0.000483980137484918,83.6240877236753
"Ccl5",0.128746850417758,6,0.00298608235385168,349.315494983081,0.715896713496412,0.00285237183499616,95.6846222426501
"Lcn2",0.12690884008037,6,0.0112178044491653,121.281083787795,0.558281420007209,0.00151776455669724,75.6225503976763
"Cd274",0.129705465099842,2,0.0704683226452839,0.302113415605152,0.293781018326785,0.00583324719136367,46.5317278332284
"Egln3",0.144294440073542,3,0.0336427969967974,0.215716180849144,0.823555908929591,0.00551802292594646,45.4768413328649
"Exoc3l4",0.106594379687689,6,0.0139333583541261,0.106769549163752,0.657318059811923,0.00395417841888749,28.0406272932324
"Gsap",0.108508321479966,3,0.0375112412910464,0.212537128512537,0.281944563240913,0.00476417915743024,73.0530526242042
"Ifnb1",0.384434167546951,6,0.001,1000,0.180354455382268,0.000483980137484918,0.000260640609565035
"Irg1",0.156098176485451,5,0.001,45.0683789407333,1.88419892743556,0.00609618742923847,52.8315305109822
"Rhof",0.204363067256051,2,0.00134263676763367,7.88075577189752,29.9820431393225,0.0107148056345075,26.6526235173203
"Slc6a12",0.118808507861055,3,0.00665193852776623,1.26321799219872,2.45739020221428,0.00245219579288791,60.0313614273653
"Slfn2",0.177934004999937,3,0.00135754306719566,16.4237519968592,8.99530019085642,0.0123450021207324,26.5540490339287
